turbidity,ph,conductivity,temperature,residual_chlorine,pipeline_length,flow_rate,buffer_concentration
18.727005942368123,7.896323428039491,359.1861003740675,20.38163570272436,0.6710702307246308,2491.180820213594,33.962446716236,35.78675940344107
47.53571532049581,7.572192732688241,858.6613263297014,19.58363755259462,0.6445618383295997,2305.356994231417,40.037388462377244,82.23762811176367
36.59969709057025,7.119055232572656,1322.1241702269715,10.512841316128714,1.831258244937866,1741.910406793941,13.27292704083245,99.75141099132424
29.93292420985183,8.127590039413898,1125.1148409733858,16.824956552523126,0.649183159729111,2870.339073655203,31.618830880742948,12.702340479645354
7.800932022121826,7.869462345107759,1229.1856070060296,17.60391237571714,0.6895095070315358,641.3998208087883,29.015553174043685,90.76292792118387
7.799726016810133,6.825233878689783,1022.2967133950043,17.976455617938008,1.5669168723523346,372.32942041338316,41.808688462625284,66.03674802387923
2.9041806084099733,8.321854368987685,1069.1871903249935,21.603447384546648,1.009531716410972,2569.187802518495,45.398265963581764,97.6044357248339
43.308807288746756,8.145074485846338,1288.873912191447,20.67205093453757,1.598079002519326,1345.4919590695574,1.5956818023919537,51.85085657737849
30.05575058716044,8.399599826583849,449.53521240286034,22.158101855868892,0.31765908361589346,2548.5581199108283,34.02697603388084,86.26491375142363
35.40362888980228,7.95143901677672,785.1949491003967,25.297665230842565,1.0776281486120918,2684.616105326474,3.539954156866722,15.61546617384495
1.0292247147901223,7.72683039187158,409.6932185474431,26.25971477432187,0.26050448032990875,234.24990117626075,27.89407458879044,40.175114507046615
48.49549260809972,7.336486072581238,1482.7352111953057,24.362461524529888,0.31277576621963815,2656.221050808879,15.094003723140233,16.031488397608896
41.622132040021086,8.365456966708027,1421.6830755612586,29.110473919098695,1.8315874160199397,1372.5412133397954,16.03205337658492,97.78088201311635
10.616955533913808,8.232127779000816,155.19753591590825,10.364651653527233,0.4506416680116713,1555.775842562485,18.294966669165472,83.5276516544653
9.091248360355031,6.590437340212379,1087.8052415219638,13.915559713670921,1.1583572280953909,1898.4479077249703,31.443330003430894,86.72926791213735
9.17022549267169,6.552733948994504,1395.3476443819322,10.151257499562842,0.9399720846812718,2782.828689853756,17.36844831776969,94.41687082905048
15.212112147976885,7.252926733756099,352.80548317826697,22.949494283092058,0.8252179872659169,106.39247856780389,36.90225347892374,17.659313750780683
26.237821581611893,8.121106661563665,895.1233227736813,27.96061097899974,1.8197000222370905,1456.6882315375603,20.821841893119615,44.7037833262
21.597250932105787,8.474552258629888,1381.6836166232586,14.869645931525985,0.2392821141958811,2078.7800251701537,4.349306815187973,16.393140013960192
14.561457009902096,6.800833782207056,147.52437002011837,28.540690895926133,1.3948214351160604,2181.985525209774,39.40423228172126,28.971379139502574
30.592644736118974,7.68826143070427,1076.3883741455759,11.205347805791217,1.9341099815843907,2092.9706730344687,15.002157905042594,30.642919933390512
6.974693032602092,7.261781713262043,516.288610321571,28.688720536110285,1.2083027302313154,446.5836317539595,22.20557710036387,52.21964899428208
14.607232426760907,8.439828795629207,1394.1546735271424,17.03245374479269,1.8862804316595654,933.2169856964597,34.58675027787317,34.17059507082783
18.318092164684586,8.184237846271417,1459.481543231515,12.02841656898433,0.2940641827148428,1108.2107999801897,17.290351700286887,19.0880296135985
22.803499210851797,8.176657409422276,1421.9730847588075,19.717435183726515,0.9538279743334905,2423.0897626545398,3.7726971511890657,25.074198018469694
39.25879806965068,7.43738631958994,763.8999033204493,15.135531354410158,0.668284023731692,872.3416236229314,19.322131303627867,23.254800719688184
9.983689107917987,7.329639004675331,1306.8597113850387,15.697458039238457,1.5154777369653136,671.5796434082494,47.27798055202087,97.57691181210684
25.71172192068058,7.046814143861413,1282.3691579490985,16.14579929852573,1.966334762895044,2874.4716561623836,32.44498546762935,78.33632562266263
29.620728443102124,6.612750993301854,546.7406625405579,26.060517956653268,0.6617541123996461,76.14669108473325,33.90247828469314,97.09853187426057
2.3225206359998865,8.229444752510107,1260.4816638109482,20.78322553350509,1.377514282653334,2993.5715242618357,31.981825528244354,49.57664378571177
30.37724259507192,8.125802018260154,151.81068860168966,16.22615398312007,0.5565757389675323,2046.622831629317,10.750614809012403,35.05316334963909
8.526206184364577,8.49943534657226,934.7778298748742,22.206675666218366,1.2175944582288978,2493.984433374895,21.498359341011728,81.8463877488268
3.252579649263976,8.493273674147812,422.01237220278426,24.32301348446387,1.0350784760390053,919.1272192212698,37.796050119802594,39.36285262370321
47.44427686266666,7.610863411205255,268.79364008819033,15.452480014670675,1.9496095933367668,92.23006911782693,5.967271980104798,36.94450363348135
48.28160165372797,8.037974830361021,207.73448228089282,18.270982030507028,1.2953490908536398,2226.7150797565137,14.614786028395901,30.925539298704805
40.419867405823055,8.389531459764855,1074.8042862293955,12.43772186673895,0.8291114697562738,2510.7265611519933,14.539636314826828,21.67110804018118
15.230688458668535,8.199294781354823,575.8249492752926,13.622986990693606,0.40537241279828007,2234.4045892628815,22.168927452130795,33.08167549150894
4.883605700319194,6.994696203486395,1114.673480140266,23.622357079299654,0.47224429172288224,471.40834753747384,49.03806830616707,41.97877736264989
34.211651325607846,7.401088270620187,191.49887711851932,13.628766953912539,0.6055704739122232,2272.612370658059,4.307624787507275,70.65947873311573
22.007624686980066,6.75831883030299,541.4064729628544,20.503267673341202,0.6517399904125364,2318.322207217541,26.416348724649158,15.630835799750642
6.101911742238942,8.408102054517444,855.2878093254722,24.180925234448654,1.731108904114048,1992.694521226662,9.788869418598312,28.945624569880867
24.75884550556351,7.71234926890176,1207.0124307745489,12.137538461894877,1.2102010189085448,2310.042001746979,48.56315072507746,82.81212762625087
1.7194260557609198,6.957285611006926,546.253504104898,21.346244392578072,1.1421036404738596,2545.46824704931,6.551871731645746,23.22297312253937
45.4660201039391,7.843401368811714,976.2479270118127,15.131255674027276,0.40658396936459146,1860.1321370005023,20.77644911571797,40.83806318702694
12.938999080000846,7.736256480915792,1340.368847530662,29.258537504751597,1.748251448028983,311.3839062105532,37.156364256895706,87.8193029672326
33.1261142176991,7.216325436065681,962.2084634552264,19.670912934398494,1.5010657457752707,1488.502038518272,35.52316697334482,23.94327800290984
15.585553804470548,6.727115184399258,426.14326465508725,26.119850995503164,0.3218030514200029,279.0655372812349,21.71370320780268,17.44631520563709
26.00340105889054,7.843146391185599,134.16109417915322,21.004530843125234,1.4741031750135836,1252.251941545671,17.979684229683194,53.608419557200975
27.335513967163983,7.540615401807587,1318.1384234613017,10.868250657096382,1.1783687912167629,1250.9641429206015,20.483006549090657,37.217756015068275
9.242722776276352,8.04463678347128,129.77717519054198,22.663027511880447,0.34710562234420084,244.72904021371266,13.949536894773324,60.70675280354687
48.47923138822793,7.540327002223987,1324.5823417578792,29.02806684413314,1.0249411547515817,1079.020575209964,11.06131399663319,82.34244014351276
38.75664116805573,8.20436300063708,840.5119876380968,22.032236402926625,1.0724533168340846,377.44439143437876,24.66894518038561,22.343363933746886
46.97494707820945,7.603813677548971,1414.6947779180546,26.383777188535802,0.4983941722938964,2434.2938695272055,14.15815404731276,62.26291760988565
44.74136752138244,7.621875943070773,1218.2965300831315,27.684129266968156,1.9022566646005081,2845.679676595189,15.085621579965256,55.49578843508775
29.894998940554256,8.25330720531669,1497.1077547466725,14.56159543897865,1.7299556686651916,263.33360201091887,33.181047110253296,22.96709074118796
46.093711751155844,7.3069657324247945,590.9965416323942,14.240896798164533,1.404240207192395,2867.5898615105193,48.45832925329472,66.15986369760842
4.424625102595975,6.768030456901282,1174.0636045035776,22.219619777019837,1.032132009801093,1591.6009680433983,30.57822282740938,34.62763760746945
9.79914312095726,6.557565352626678,662.703279052939,18.220569396134096,0.9411779748521154,933.718749963928,4.771993886183347,53.90508866896113
2.2613644455269033,8.010274511347237,771.8258684254724,26.797226057334406,1.3717522408717175,276.7431220646823,4.703597078849282,17.40450918493557
16.266516538163216,7.74061910270693,978.5076485057181,28.000462467960222,1.18177736493243,1526.8415908077325,47.619737821432736,51.36256514922607
19.4338644844741,7.908159536198447,1323.1479598608742,17.068427586054362,0.3120915905873941,2393.8208562477084,15.567248725059347,37.58171212385383
13.567451588694796,6.925928323017821,1477.7168568790132,14.73741117948964,1.1225047677865971,2135.9051079367596,5.511282318041296,84.01430900668188
41.436875457596464,6.772742951173539,1175.5827794103254,25.610510304877238,1.651526511019111,198.1667338187226,30.353184770368696,15.128085429763145
17.837666334679465,6.529089331335764,684.8734950342673,15.496120710962721,1.0266317796745246,265.0604143353154,31.55879013622304,47.67465474264969
14.046725484369038,7.201175117613194,689.8998031878982,26.45228637027357,0.2935218395976832,1238.4761837662795,32.77673618581572,51.25882817182942
27.134804157912424,7.679835373709266,1132.6152222244482,18.474765072975256,1.6153007588912596,921.1069574414327,14.102699365019523,75.25054686692069
7.046211248738132,7.284488090199464,434.2880040756233,23.35099798582941,0.562454807844754,735.5337530153411,1.7404235265092767,61.68588175811899
40.109849037701984,7.374949844047459,254.6637583839525,11.910706276693364,0.6655175027984699,878.9632717807051,48.28575310326912,70.0491103474763
3.727532183988541,8.308317388987497,596.4710206970872,22.477186493531462,0.4964714361781326,2420.2740927258096,13.293759238864022,79.93443570865806
49.34434683002586,7.196510934046601,502.13458831571444,19.035353574744583,0.7943871167686956,2791.222758213969,34.12528811457483,87.59826762923699
38.61223846483287,7.527978978319622,514.831368638386,21.732169263509483,1.562152710239543,1245.0529488563209,35.62486362405677,38.24879470502235
9.93578407670862,8.067306025482287,427.0508514698739,13.360284154897268,1.1348945471070873,2723.027456290866,30.8903634368948,58.42204348275126
0.27610585618011996,7.29308556464254,158.93046549090664,24.73747489888364,0.5687862934712826,998.4123186812518,16.332462316468764,85.60972705952798
40.77307142274171,7.744173400455747,125.02350862677933,27.25594155086457,1.7800941406736734,1455.4891097141854,14.283716434439222,99.05060178685508
35.34286719238086,8.22472741749349,1482.811345630444,14.334796001815512,1.7832473389127526,716.7855435571992,30.285745852432452,90.05673799393868
36.45035840204937,8.399041247315285,698.8823872302073,11.914291110403234,1.7670411650828124,1939.4043244187396,43.43868604697288,43.43205363619391
38.56351733429729,6.794146961858075,638.0573060235544,10.472771720926728,0.6298331804867707,2937.994289765686,47.38995271724638,27.564986549678537
3.7022325867045183,8.35317525032299,1051.5061957702978,22.83943000886532,1.0122308195257785,1830.304633327967,6.189384415784124,54.04532836659298
17.92328642721363,7.484232586159076,405.55544301108984,22.141880721775614,1.9729813810535752,1105.5515481349692,8.586602017288273,76.74773066524381
5.793452976256486,7.0164887765979165,1429.9456575303154,20.9339482542814,1.5896224573579827,1961.0614656720586,47.292076680370904,54.331216367796785
43.155171293779674,7.418271512476522,1200.883020181773,14.638941922319509,0.24890135820600767,412.61600147289334,37.090226188404834,53.48627769823017
31.164906341377897,8.460065150570955,225.17540323716332,17.81811991811029,0.3173682642688857,2671.544286782926,44.26669741665888,85.44073789736206
16.54490124263246,7.485236187985739,684.6130860988997,21.88952670372346,1.035076478262199,1534.0976548005174,10.928999072631814,42.52634011604677
3.177917514301182,7.157503220575016,1330.7656305870305,19.93533717718339,1.8365963705508084,1375.581739016944,29.79170768436069,87.3815207330481
15.54911608578311,7.7668017086334515,1422.6248312079745,29.755710404297744,1.1696632363148856,1778.3011259378816,35.35584012645621,46.61243208565512
16.259166101337353,6.980291237556386,754.3621157498176,12.728795051134663,1.0960625144617224,1893.1123952287373,34.32548238690166,39.54097951105055
36.480308916903205,6.651726656217328,958.7759448949907,23.902891080951875,0.3898526599219351,261.7386283682134,20.999432852468207,50.85909200797291
31.877873567760656,6.757759443821298,333.8475245289053,18.086375362085843,1.3822041885037293,2063.720802609037,1.7543496928741154,78.62022628073817
44.36063712881633,6.756091677915545,1487.636076591767,18.563992298512296,1.679785689080406,763.6984569308123,29.56337678340889,21.340182507759486
23.610746258097464,6.803805387024589,424.34038193682073,24.351955313163526,0.8847560135136123,2156.16026589444,13.401975419800829,27.677729428481566
5.9797122969150855,6.777654345298821,1419.824483789176,23.84872302648739,1.5961013316655894,2476.4776434333803,23.062458061001628,95.63003430967828
35.66223936114975,7.78174948960643,1009.5053085893159,29.825119874043764,1.936057977021461,2421.677597279935,47.921469739107046,25.794246464322164
38.03925243084487,6.86376016879829,950.8315128304027,12.567885789082505,0.5667796264298404,1679.8778538532729,20.5527305644793,61.09545861379491
28.063859878474812,7.191334566647726,817.763915423112,12.082192987683326,1.1419933361505343,1584.501182316716,42.150278726556905,62.13830199957441
38.54835899772805,8.293576819812024,422.93773640486216,24.48677634257482,0.7168483245522359,471.48408595126455,10.238489681713306,54.066201584522034
24.689779818219538,7.447923280525744,347.1392448077116,21.56773834012818,1.6271379542609108,2337.27114368925,33.950564403226416,68.02707237191368
26.136641469099704,7.835115477042054,408.6806926982455,15.483213331196117,1.2396680585860835,850.6576723178074,48.87334076750823,30.684405321785658
21.37705091792748,6.84463974240326,361.01356700195635,11.588387379779732,1.3422483515905468,1515.2514973129423,5.992761942773903,59.73960409990734
1.2709563372047594,6.8845780376173416,1191.4182629934546,11.713164991928611,1.6362454873086094,888.6085741361743,1.4076771691324086,43.49559297222074
5.394571349665222,6.581737232532958,590.1753628334221,27.883817493282365,0.9127468507924188,444.7936708490948,22.2455568389981,69.55005336662701
1.5714592843367126,6.837870126144329,180.9797471887549,13.837346494374858,1.8471621231326778,1907.1952058306229,5.538648669516992,22.71011890358345
31.82052056318902,7.057180678063917,1456.743682197136,16.467431242310415,1.159451961043052,210.2795027275663,37.670833134135336,61.37896751555286
15.717799053816334,6.854020968553494,1337.300238948796,14.53312804453976,0.4843186811036264,2258.50344067229,45.81288452857939,26.674331984499133
25.42853455823514,6.677405067514111,1398.853196473298,17.09992611663875,1.4526184127038444,986.8810460202942,22.267027662729184,35.07787568035327
45.37832369630465,6.741271742201201,1492.8709517050095,11.388476854921867,1.6278704307888578,50.397344363231696,13.676870465616608,29.68388202912249
12.464611457443747,7.4215575360654515,343.45334890728225,20.38119581816541,0.770171018721548,1557.830960749828,22.28576263132388,26.45540018819354
20.519146151781488,6.912667436811585,654.7388264637223,11.352251271844299,1.7429226625977554,188.21313015642923,36.448943074650046,84.31398564046003
37.77755692715243,7.228539722096151,1161.5338659857277,26.007130156447232,1.8310578585783794,864.7001955716535,1.443653917438178,35.71368108948013
11.439908274581123,7.506834541709714,1074.4288652753091,14.67424163820866,0.6984280772800561,2135.580637994363,29.883245484750162,93.44114036780044
3.8489954914396494,7.880789657258731,315.4542688757971,20.800238292090214,1.9703386508873997,234.9343837845043,31.051292559481574,97.29338728106718
14.4875726456884,6.578624279682198,1242.1663749868649,27.601581751229165,0.45328075048776517,2526.048552450207,32.24672409790084,61.41344229433876
8.061064362700222,8.098820797818085,414.21680057132494,23.01754738094388,0.5636282031244819,61.26877184282017,12.859081919062984,22.870101039915376
46.484882617128655,7.755800778981816,413.34466075167234,20.659155731026708,0.531604710628447,778.1304141456117,35.988583445528214,43.709341904162315
40.40601897822085,6.663518063897744,851.764192050779,16.486675062307512,1.8091814780141668,2235.6669656486106,5.478182830257044,81.79590370133926
31.67018782552117,8.247157248213554,930.1159087783844,16.660038261163958,1.3777265941849313,982.9969417014551,10.76424648687324,43.06516558273634
43.57302950938588,8.341744801063626,912.1206909729357,23.3897391039638,0.4737877098000912,350.58254479473993,43.996032286069614,17.831549647250988
40.18360384495573,6.622155919709727,228.0815723568568,29.88278722442335,0.9925821530630281,1112.6900604612622,37.19743438560175,60.110641983536915
9.328502944301793,7.0537552962944075,1328.4452076825326,23.236783796987574,1.3075364451256437,847.6601948343504,1.6735321465559174,86.06087663464314
44.627949924498886,8.112402559586123,471.8400596241885,21.1556683474005,0.3502353529808899,2536.000111373637,13.17043675812021,81.63337484291522
26.967112095782536,7.9965193807673165,281.32088979592584,24.61301020478492,1.7883494631332097,974.3763568761723,11.505917666665063,25.76108261173179
40.372007758203125,6.869042038712754,1344.247311816568,19.30411224567436,1.6464863637947633,2377.350791739221,14.269510073811656,70.548815297122
44.80456499617466,6.918698646673421,1437.9120975216547,11.202846852015703,1.109372192437949,2681.0228271916676,13.130428743714434,29.84538370920824
15.900173748593193,7.240944205582764,1306.978664171631,21.245936317558197,1.9408279074665067,1329.7613877507622,4.063788491399441,29.6386781096955
5.502596226383838,7.469045970382043,1233.3225046148293,29.152505690107603,0.9519697626951795,2734.3322743704566,23.488085313244195,88.66645959746667
11.396758127097083,7.736509543060592,1017.3387728946304,13.506058847153193,1.971398574265696,1163.088259191419,36.90394026452209,32.470205746620714
21.355389431312815,7.237827279139545,871.200318852795,23.800097816413313,1.4022559978465288,2894.031328645819,30.729854511154386,33.69226118662101
40.90073829612466,7.425069432266296,221.7814638759742,14.01867377318113,1.3424082918570945,313.4040973504401,33.97071176130591,10.05880516851696
43.036529162817175,7.994941876267513,671.8344982989781,20.716553689461627,0.49871881153241304,2076.706836184566,4.976309748275718,88.36021307129658
0.34760652655953517,6.573366405781195,621.7639238172396,11.933528992934392,1.7874699649483592,1506.7514193479396,47.623044798662576,81.33353318882213
25.537365128878285,7.004873888688041,463.6552972644567,19.007418725163703,0.9694814382571073,1193.5639760941588,42.086099858308216,66.45960415816103
20.87055015743895,7.926699171769105,1112.788159164019,25.12326657790492,0.4920201304084629,1916.5000423083727,40.44942560628747,77.52391875449581
11.105390523536512,8.290413675374399,794.2260291102791,16.951430484779642,0.2226935359563663,2126.378420321277,41.32620644704661,23.684371068204264
5.99326836668414,7.523354884231332,213.4647022707071,23.29823448974436,1.2075602305490887,62.871645468411806,46.70281489850531,51.24912351288179
16.8807585701814,7.5642269705306315,408.25648272973586,25.908999215794584,1.1493193198208174,542.5116118042363,27.668444339571188,41.60974486139028
47.14548519562596,6.714344022679552,1056.5622691234344,28.543556389589053,1.4948365202644853,2153.48584937124,10.813818875513668,18.439887363131483
16.160146601037763,7.394824733646909,206.58320328642026,14.69284163710907,1.802464495432044,2015.8369700557091,31.222396784774517,53.75174366934317
25.939531087168305,7.565234532910046,1291.689679668276,17.986318316186164,0.34293185235745316,2899.840140129598,37.40119318972901,92.86656853083718
35.15094794475889,6.984941007269459,793.205137819564,13.048320266608348,1.5166936826126522,2295.06148123981,37.157952274347245,13.605320714562502
18.1814801189647,7.038486461898762,772.8212082573071,29.849670043167503,0.537341499375648,2854.7794878074474,26.551002184177126,36.23148221444145
48.589104136048036,7.254568326209245,929.3708985233246,28.540019358485907,1.744718695682895,2122.4944795276806,4.354477247345325,28.67868425851331
48.122364747105564,6.540142395555453,1254.553352295209,20.79914260561119,1.6743143249509809,929.2540154863573,19.184533983076264,31.43319882991267
12.589114791268209,7.144158331166357,586.9328910630702,26.840665887528424,1.17342875897398,360.8265206400266,46.11756381470451,91.75910966914377
24.86242529461927,6.922896013993089,1049.222613582689,20.41915954544084,1.4784370375219607,2356.38039686756,29.637996578113874,52.12621488108611
15.043915490838483,7.154994704355829,892.0247495941074,22.471713760055195,0.7658302037307472,1950.240203353952,27.378265219529958,51.966947164583694
14.242024718873381,6.739524263638502,473.83957823718987,11.782488642320333,1.0481022180790664,192.14873656022388,14.173822204727482,78.4518078209754
1.8443473677266398,8.28105456147979,1330.0819808972212,25.10540840993616,1.678946415878849,1112.148874407886,19.053997075912367,23.90429836044332
30.478216698994842,7.687184907108097,1216.3964302496993,12.554269672704697,1.0266773549117851,2872.559455678644,44.8719583685053,53.85388186900457
25.133951161443076,7.85820463828898,1021.8325685217957,26.521352605050566,0.8440368775857952,1526.1833798450937,33.65668932881495,48.69866927089537
2.5739375624994674,8.078342477214676,1290.8144207319388,25.640561753407717,1.0895824050505398,1326.5509512581286,39.58196431086431,63.72196214919905
13.932323211830571,7.496884397858114,1314.2118813437232,24.174893954859527,1.690848654386993,1400.2138352199172,23.2629257303151,99.96019329253947
45.41329429833269,6.673840576174848,1091.7081674010487,10.723207610495242,0.803374485267571,666.2040358152329,31.88211375335174,79.25040046738424
11.97809453334862,7.574213083637096,1271.8186597091408,16.06256711890657,0.5127708676443389,1137.6861540511459,13.170796828417169,45.807913271568445
7.244743604561155,7.673682236041758,1076.460046336997,15.262251398216858,1.4816252365954055,1140.949105162171,35.567580683890824,84.47977470466422
24.47263801387815,7.99087894836866,1052.1970804644207,17.20272814943038,1.6867607828745472,204.4473095530436,21.952465351463527,25.363752698123214
49.282522705530035,7.363319092459359,966.055929501258,11.75285493527677,0.38114746134236,2314.3245041278587,22.684730225922532,12.74173176780641
12.10276357557502,6.7551606055911275,1153.8032953806978,28.739156460621256,0.6317734029607005,1278.688074116443,32.8167939042672,28.400353521784574
33.606777370293926,7.067551811597449,322.0471474103032,21.076044814247524,0.45554958156978903,2475.430666108449,46.877750451977406,40.637040050283375
38.08098076643588,7.22616459279727,1333.2190628784997,16.11048621316047,0.8262945408478999,2558.5266033036914,4.136310983822425,55.95226817136039
11.881877199619984,7.791834482663202,1320.5809388433247,17.939630341485667,1.0106317620297427,675.3824613610412,41.41241863000337,65.36162264870799
36.41081743059298,7.641556609337824,140.94619624838282,18.944050810096712,1.5478874065339516,1989.1927724018792,15.326772410197462,91.95451454929795
18.38915663596266,7.2121934517956925,1256.1434507906677,22.011886667212345,1.3720656527870134,1443.2313222807961,22.752053270812514,55.886860859541194
31.615291529678974,8.47303049758596,280.4178144628233,20.313588553929954,1.317671421461176,2646.462376868381,2.073753109975439,55.11480801631564
31.676485538044734,7.711549638713774,569.1663959627987,28.387839464288348,0.834274903897378,686.4350035705396,15.751257813881338,14.521870884068392
26.788734203737924,6.974453583471989,1140.911558808251,19.939269658116604,1.7146055955525679,2049.5489409146303,25.628930888876393,13.142039739060143
4.514488502720415,6.7035649452408075,325.0638544676315,29.84316029646625,1.0483169013166962,1842.8687606455317,3.7526277900245115,59.60439657247348
41.7651247794619,6.805718278368664,1245.153833766687,27.028499154901915,1.9623888884272782,921.1393588369067,25.063690739775094,49.436075192351005
16.03900324858679,6.991915456769016,1264.9878491408388,14.170210287146716,1.3414558489323263,452.9726657709592,46.42842081406294,85.52623554822688
9.325925519992712,6.821362746519111,810.4548272651707,28.611904292878325,0.42727653481610495,1972.337293407966,6.1642676872824556,24.461162624066066
2.038757077738196,6.873134048102612,108.94022040356701,12.327327957709521,1.4171196117357812,2228.8625014903755,38.457595675699714,12.247449590534464
29.54464715941209,7.070190337387694,501.8533864448779,26.348994169823833,0.7851872277770582,981.1006641018824,21.073881615423637,50.41348911371133
33.87821809211412,6.846747190589509,963.6976857260391,17.6124658695316,1.4353889540349754,1952.2561818658257,33.103512011692565,31.373070107703175
0.8293914463928076,8.29353084925285,1473.6606492383928,27.55948640890139,0.32535406669233036,1215.6361774539346,13.75159330127624,14.46529360049537
25.60465291496405,6.660467491323285,984.5389378233357,27.361133802149006,0.514786586916727,2153.9603056837223,8.815120864526556,75.21384581628661
11.324788759896897,7.549022779140509,463.7250134898237,26.118508002352424,1.7403270660304153,637.6850609374567,8.862668099290095,20.043369996152272
32.25863952047249,7.320793653979323,987.6079843394559,25.800608726141228,0.6089232026423268,2676.1342577767145,4.454105336514088,64.74875500069945
8.718321450249572,8.464757233817213,855.9795316021977,16.093582781960816,1.706674025437292,897.8583095734602,10.096688540160908,35.29447751502002
34.546886905123294,6.724077804336105,1191.783553211601,11.618385661025044,0.7026969592179388,1134.968663880651,33.54674986445944,25.61464453195198
19.33676731502687,7.2957111980914835,249.77289435774176,18.05960357530323,1.3571874381056737,221.37125863703187,44.202839980331895,44.17763706273857
46.836499436836725,8.438940866550737,1165.4390635028392,13.470490299730173,1.4494710323176958,378.96102634776537,40.89215859396693,82.13011986006583
6.876047207299663,8.231014251787961,857.7732101465543,23.899021778049235,1.1227785556610954,1571.792613001368,34.57158118384972,45.28842192141154
17.053317552512926,8.13414414189856,1448.1888054025926,16.92199453075571,0.7495592180541164,839.3983963475159,6.411161307144031,77.56926842899502
5.673676062029454,7.015805654089879,578.6210324541605,29.512204017198297,0.582759877467973,2514.666665939473,15.170184868501542,21.29376671192356
46.23468091392814,6.841775174780132,985.6706503875274,22.81944154690664,0.2597408382123672,93.34549653211383,16.18053689080098,79.54942776985712
43.86696766904905,7.837286439848862,1404.8393477140244,26.449611272687218,0.7471035222333029,1168.3274435822118,13.24789037348344,31.32399924159838
12.89708138575778,8.358751978255171,243.51361918695096,12.650493454836969,1.3756930229563094,1045.1693629688234,26.235277325776433,70.96538168999855
32.999202301708955,7.61352578602786,1412.1198821310315,27.24028964545245,1.888948673207269,107.01651120692306,27.242136929103957,60.92033993568967
40.86111001006079,7.6432253789398,1063.0400112211387,28.455143810267888,1.7681680680734937,416.88677705150513,18.4874127833844,93.62302454905186
27.760040579973115,7.059958187320568,194.97188274724067,19.741238376378718,1.5789165977635446,1270.245891009974,18.335668778085363,44.85902661777826
26.482528917800323,8.038985866383873,521.3489937255428,22.12505875501955,1.6192052178559375,1503.9505241199677,41.59922429739799,15.95486699509964
12.092614545022585,6.874087497115047,1091.440924103394,25.29619601805991,1.3969728262567915,1242.6547544018638,39.6753495676646,11.72399369961276
4.655138390294961,7.147358472808487,194.29084205628038,13.496772545208252,0.6685163436188054,1616.2661513156768,16.081995752356537,84.41727048754778
44.860787897666334,7.350872877232834,915.0386442467826,20.051321529268847,1.8329510552704937,1805.6384409717605,45.775633749789705,57.226207389528895
45.02090285816652,7.51522075736891,584.2362797341394,17.973260555446263,1.4073181614305013,79.27527232711512,47.68793583312279,79.77196466514543
31.655072863663396,6.98481946483016,969.281724874468,12.927479843244981,1.2087931357647919,1419.0807203878364,17.010384559472,31.098304001036322
16.951489552435035,6.729673649478407,164.038847337518,17.350688445830627,0.39978104458426594,2892.3227606183855,18.36682249085969,41.05753709619104
17.460478730633046,7.721240084883265,1320.1515286133267,11.363446187709872,1.0046999788515658,1581.1452263821686,25.776073517675982,12.709348499018704
36.297783943511966,7.0772611064805115,1462.8845568483557,10.51623813898974,1.0286448881634673,2048.749689003912,47.11491981415,96.53430921167009
44.85551299762886,7.662476442845224,1456.428997399968,12.703325783096455,1.756214497140806,969.9983808548054,43.93965222397326,70.10811160307321
44.354321213255865,6.808725430548405,1149.5125644400946,29.262302231783476,1.1839667963380194,2333.2745655506496,6.025830166595901,93.98845789833756
38.99377729288119,7.462280203709635,282.1207361828848,20.99059071790034,0.8847209881467375,2330.1183715345396,20.243806420299393,33.89467666861651
32.10158230771439,7.565178865103172,1161.5684743006316,29.3164432230644,1.9582405913191867,1587.8233405797098,28.115188297738822,65.03172501030947
4.206998249752441,6.603647073644854,134.42168304232212,18.649957566602637,0.3992970679873682,2929.2407786736803,25.653491155025463,71.0649971463374
8.081435704730689,7.173208556387841,130.97297214059614,16.23632266170519,0.9605871709615004,420.37313354982746,10.49929032890774,38.579473023182956
44.927709426353964,6.7688293538779485,553.0543068093577,20.122837256804882,0.27564441530852957,99.99561142426393,43.08202178723958,86.32983115140671
30.321452982979498,6.626749940945535,784.1004665665321,18.790233772658205,1.5318274173804747,2321.9667246834333,34.17009836684503,95.24453166102231
0.4598525808314824,8.479920464779891,1178.5703849309104,12.11329368523488,1.852537793958471,2431.1088352264037,42.057510367738374,89.63696059264039
5.0735771433016055,7.1447076899494455,1056.6135272491074,22.816526293804124,0.7040671931908811,404.6113259056999,43.079449688124136,76.51602783454352
33.17508845540279,8.11974889170927,724.2637889274476,14.320763650191992,1.7450150182384176,833.4693572278879,37.66943682962125,34.971821175245864
0.25307919231093434,7.009281309527528,483.0773327943322,22.39175909795659,0.7259928148314161,101.77947193155529,22.52131946123615,35.34544378950686
8.040402570874933,7.863005444447858,1495.9743002207956,23.004021847963067,1.8393862909590475,915.2604018026658,30.916790995755804,96.70242884014341
27.436689468329305,8.020455719779374,696.6538231303621,13.040497062572962,1.557131426474211,2330.768528060081,8.857904899867414,10.925604634212283
34.59475988463466,7.691277481215689,731.9418340615457,11.226992542213363,1.6488321983145895,1577.983556752108,34.00862545627048,74.44449759179301
32.59806297513003,7.443152377100317,329.07334966833685,25.615231721368797,0.2324118000808181,1076.8819998464498,9.783409531224757,73.5621546299736
11.21346547302799,7.3236818282945375,1212.733368249901,19.196008475386403,1.9330586427332468,1146.6309199736743,35.00352993499769,66.04205868548178
35.6089610673768,7.19773653308599,1071.155116094084,11.163275910109515,1.508007785726582,53.993195860631054,12.250309876944465,99.10979614781792
11.862454374840004,8.359058288495651,409.0774579042646,29.897326343395342,0.74855197169504,934.4115563174458,6.760013707360779,38.06914921873527
16.269984907963387,8.161238815575459,215.33346386217977,11.155611219927334,1.6929103967459245,1957.053287831895,9.098940017004914,40.597467741392336
37.32457025590121,8.430053821333026,1052.6990229045982,23.900704577171062,0.706738157146874,2923.8736092582535,1.097614625734443,17.10454626519
32.48164495236073,6.748594446971089,1016.3156999935893,29.67357850526827,1.7709569112190302,2548.8294396025035,36.21824127482298,49.85183228893637
42.4611705247089,7.961734950407289,482.56333779749303,14.783602084318513,0.40264470274148667,119.60514570431093,36.88765140386057,33.49436736113633
32.88064461501717,8.376680913642076,1431.2089871505746,12.844987373743923,1.4666347594294324,2700.753783790776,26.231734145749712,40.90480319598798
28.415430166773582,6.8624661323313205,311.48104849326035,12.427698788448577,1.1732572579608387,2360.4353192309463,8.906777251713802,85.11146112300649
4.683738391404624,6.632992534733555,705.2687214596427,16.06550295135191,0.37376204635179344,2352.109564534392,5.094162538023798,94.19360621747461
18.385790152971676,7.982241298580118,1421.0622882346383,12.020916220212934,0.6354088908659101,1401.087489060536,1.9373193554270633,26.715976480466708
13.260118384086272,7.648946226359824,687.6182436965712,23.84322683388264,0.22232726529916663,1224.1156142157834,9.121660671295814,43.52580383981193
12.199482168954178,8.183657553516545,993.9363267297198,11.245835962601253,1.0437823378361106,943.6014000579182,44.65192121417419,93.57675059038547
48.65052773762228,6.779544753252579,656.632157147912,20.188442562995796,0.7422774693680008,243.79983391537903,12.835305243382408,15.562761462030037
19.65488623333802,8.09053462371978,483.901283288138,29.933937077059536,1.2770434717359658,723.2943223064124,18.359295033643566,18.312447530024066
44.602327758855665,6.903254640095489,1477.5687071437594,26.279405390120377,0.735028053875511,777.4807231851727,6.161928739585326,24.651189028560644
31.556931299863145,6.827311885731409,673.0676088410602,22.304388764620217,0.7398544007125725,1478.0273556450948,11.895703932660345,63.56915507141873
39.74056517708242,6.828531595861985,1351.7388851507883,16.125072415732234,1.537747757716886,2254.9609994602474,26.44200396823005,23.542504390539772
25.131854655259605,8.129149440462765,421.9364482475207,22.47791672583277,0.28665710476103623,1447.7389937739424,30.779881471686977,97.12687433056601
28.845194231317954,7.8303944413924,398.34658563511664,20.540829278233034,1.825210991345577,220.64112586912378,13.022263394144343,50.20430745326683
24.625884690943195,7.546130849538239,143.5877160383159,18.52166767780743,1.7340749739041266,2875.4799129152016,3.828875802030743,55.13661643151497
9.762149389902225,7.217660968247005,1012.333555526239,12.61420753480399,1.4020484298075317,2831.0367413276313,20.160610587242534,32.19927542248658
36.12260576307526,8.254401081626217,615.9368812132656,27.732084304809334,1.2677988261932918,2366.309152287805,12.475965175390373,52.38642271912602
14.03861812204279,7.284890214845271,1310.1015497754918,18.99569297642645,1.806144496651374,2974.4173096144505,11.758142238260294,69.57222693733104
1.215798321572692,8.133198878943155,762.4938693681801,13.892450236415302,0.533594323151686,1656.2228817607756,48.03327733295931,77.60594232586385
32.27361479535839,7.378269817140437,1455.4707990806105,17.35518701754579,0.3421444919434915,2890.166633246958,31.19872381036048,77.84812744389217
8.855533970352447,7.253888858849815,359.7357219843696,18.282595050578543,0.6311183058371685,273.0348698194148,28.2870437154327,62.01020014246795
47.02292921764572,7.425359571339213,1316.072435137855,26.550757911337485,1.6302409016603425,1128.7582073710453,21.372980072642775,91.39237974944714
47.696428850129365,7.102755748328284,1187.2355939084384,24.672287611228043,0.26240648010767,714.8747406199592,22.018272338077068,83.56670625754984
45.743219511022424,7.995218760352502,1179.2905825016728,25.386097872826795,1.2490523031502814,627.7075981960966,27.50434518806596,78.1343303228763
18.50793501277222,7.5054407801849585,1282.6965193636427,10.220625288572943,1.9917875291443579,465.36869923339447,35.125060544769255,15.004496951241457
0.7728308264433714,6.964425390293634,1165.4335873201985,18.32307996359523,1.740252968907571,1886.12024261969,35.40515871290964,10.619016599768438
46.415928129386266,8.299149146549137,976.7084502839815,19.626883032706473,1.138602240278461,2354.89947445455,9.413001477567029,29.120254947592567
21.409207415865716,7.267782442746423,283.7428287553426,10.383845536461134,0.31455363671595626,1755.980278290064,25.50552485175472,69.7171234522107
48.33274095218348,7.587105722227977,145.53665128775268,15.196264174900683,1.6964723258942778,483.53999328521854,21.185946656670996,47.007773999429126
48.18099885446264,8.312944221929094,1389.1869869419615,25.2057964624427,1.278161314718979,2442.815121303739,43.655821347199826,46.21656333693806
42.650472773368,7.748475991827984,963.3104403290332,12.74219411457998,0.40687939470722034,1926.066386132999,31.939527139700445,89.61281994066523
14.722444603479284,6.733796081416728,1215.1522073666467,20.706202629051834,0.36894311268204116,1195.0888330746368,27.09269925438311,90.60065633186548
19.254886430096263,8.37966424722695,774.1312921175701,14.30403744034475,1.8373282749858664,2038.6843718313858,6.654337466766951,91.82577376482271
42.556833575842845,7.755416106142835,264.2314645473523,10.242415492877866,1.4045604732885413,816.7196887663569,30.676256576847162,38.24902688635245
15.846100257813884,7.169811229314172,275.2601090835706,14.82402915199083,1.69271623877016,1068.317015057921,6.742991378331437,72.19502314653356
8.474637334304624,6.778544145326775,1059.79140212056,29.517475098201075,1.7821620205080813,2756.583237239371,17.52312220272185,34.44698631469326
27.840063122917506,8.088050378540592,702.4282528592478,26.03074223765979,1.22919023368698,906.9882917306901,7.999256275902262,27.15488497670048
46.80773870803905,7.740145511857027,380.73461738047143,29.191532886420667,1.1314034331590743,1436.4653910659129,34.91160870419408,26.616921161263228
34.80148983374865,7.566922183952643,788.2323654380116,19.757080878527248,0.9747693385777825,2675.9163553182434,11.106353577971477,40.789685877723464
28.50305850446825,8.287785166101916,189.89251190518772,12.19472397355007,0.7705038580240147,2137.777983289206,20.201109286213274,48.69618578018395
4.8588246885384265,8.077194422449061,914.7599626801583,20.95918977947386,0.9822727295456812,233.49951718587312,44.888064103320154,84.78542539495615
30.750361334958487,6.803349759465503,476.59076620913675,19.08754669119922,1.5929833803142814,484.5439806229625,11.011502786549544,20.790198412544086
49.50269250521316,7.123444135591097,1216.5827408920634,26.88714165479232,1.2834621758272369,73.13269277715462,25.882448133980176,76.14332626554048
7.004200761826201,6.996978279628932,534.5067424930032,11.961651615684891,1.8065419219187229,1911.219281176032,21.54431139713508,57.83094227703748
25.916482618186837,7.987892585145354,737.3082087145217,19.764822740435562,0.9980840258825379,1370.636604960734,1.888078011240757,35.91508084083932
43.86865359639777,6.567064869471559,116.26875587134089,13.000973293879685,1.2927612416937573,446.11081016171283,39.845147565067826,54.353762607954216
37.03843088771022,7.639779369742633,201.42564291238244,16.4935185378012,1.3363535955655796,2875.905657117473,4.383249409415386,36.99478627993204
34.8507870497634,8.024917371481381,649.4909789693587,24.747141547755994,1.265054892151386,1612.4961856395787,24.238496027870728,63.64737597144754
35.12420419935546,8.2535312735235,771.9143686039729,19.52036258737533,1.4647407915539294,763.585217633023,28.473236452008546,49.04595305697198
17.97455756098776,7.184163497431815,940.0287673670252,17.517765702915387,0.6273802430746513,1526.7805349063872,31.792896374114765,24.796497617099085
14.679592213224668,8.142514609344026,508.3276101930245,17.889525571400707,1.1222547995824232,2054.879981568568,34.742949836085906,20.492476710012703
40.46805777392568,6.7212634739104145,1072.9746405771596,19.188935368119733,0.3876046450550258,274.9056930220152,13.410346792613039,59.20261138649171
40.50566973395904,8.192904583469037,1304.1713560648864,25.700330876741138,0.8921203897606627,860.3762543912813,1.4889600562640193,91.21717299574931
43.35361592900519,6.754977324663965,1191.7913844506897,27.84169377880469,1.077800723518276,2430.548198107781,36.44873945539069,40.956191790191696
45.66202762782356,7.2945745811207345,155.4663554877,29.106693730078565,1.3740036671818505,1406.0113676878507,27.24717336803135,75.97000965003609
25.56711994304689,8.094590731559107,772.7097261609605,25.7380677251059,1.9109558946551664,1662.40256899527,41.96976745715519,69.27952194457902
25.07581473435998,6.799834854697547,246.9022497854448,16.308137914960255,1.2811719197870406,1326.8072065179342,41.24802978213402,93.83994228785329
39.91475894833876,6.958502790465283,438.86302220753845,23.762694121730842,1.5384690491178077,179.5048307968651,42.322982221606274,83.88829155692268
32.49819653888826,7.944505136786132,1481.327630574005,18.75206248110784,1.111278907091365,538.9618504694599,24.769638338997467,60.99447330149167
35.098343862885166,7.940073073092149,299.49376006211855,15.093412440921023,1.3413872564773963,1364.347834288578,17.347791396006418,69.13274484106967
39.789633471805054,7.782295265770594,798.4434148318985,26.817431588518453,0.32767798904079215,667.097122953387,39.78635192697713,90.85478199256313
44.50026709087832,7.8878968889342005,965.4180280453668,10.7685269792465,0.6579048455153246,197.43813454605228,23.113411538433493,45.95669061282413
16.89975784257679,7.585448886695192,1083.4509587617454,28.03523984270847,0.8513355677692498,2538.76650895288,9.988667623768292,39.41152352719996
18.7791476319972,7.0035981178139055,883.5081568816797,19.22954929249468,1.0504880390117244,2944.5179610341415,42.89372695851224,10.97299752716767
4.69909699204345,7.191391987007838,113.67918638685713,22.74402953616561,0.2821677419042907,2389.7714782903813,44.245433961845016,84.38959667723178
28.9140070498087,6.863195433602852,557.0458315415887,23.187078444115656,0.45204337559597185,2568.665519028768,23.849178050868336,82.08826303630283
1.7971136898371043,8.316901122667257,824.796300738596,27.902354814130728,0.6982657540243504,763.8325344352838,4.709286638179586,19.400906629013626
23.27990090662301,7.6667835895322405,223.0130988027667,22.733393643344147,1.9487588436218912,2883.849577763939,20.00347840592963,61.917164301943025
27.13223173537883,7.30170283352728,590.8777036928531,22.278671695201236,0.7964246127854915,630.9308281376137,40.37334531366756,51.75835283501986
14.32706260641422,7.424011607288265,146.48435230791318,11.333040811213799,1.0676739046017485,2856.717940567405,45.18692739876521,20.683818595820032
29.541663028450536,8.394566679223631,210.00989601702904,20.36816043890408,0.5529758829291074,2984.7169171995556,10.970164382382196,98.25114043546512
1.5250124969524714,6.806702806232161,655.6925866822345,13.003380016340833,1.2994041279363828,2149.5822769508436,4.281706989238304,29.322629871701988
1.8674094374607209,7.672459664033594,285.8020556602845,24.748675374429713,0.7052297879287537,2944.3740087858746,43.9901722035091,16.051076208150505
41.13002803298291,7.511777357768932,894.5571875661814,20.244438416253487,0.5725866411891682,1730.1423497229557,20.08084200996489,63.536264155171864
18.009532070563143,7.722908470869296,1065.250956792172,23.604555584167066,1.1298307312027625,815.6482603694665,27.5462872491106,76.49800094197295
6.353025632594239,6.536220367641681,1220.821378752716,10.833458012047686,0.20991043848875748,1339.1378627135816,48.43522479048719,12.919910144246828
26.112163002740218,8.244247817888303,380.21034194273415,11.695840320916064,0.2137952587686056,1801.0047593674185,4.26167166779692,69.28458748543198
38.499677654930544,8.364236564967225,334.47561516269764,24.326467761253646,0.594323856383344,265.59060797969425,32.767582365152684,57.9062688356309
10.791051374842159,7.630266367178418,246.39497646816037,11.441686719973468,0.26609845250147807,1885.912630620876,4.6311657061684866,19.293850798754356
31.144523790950014,7.893301647753784,991.0023493610913,11.425134555305172,0.3944463574352445,2944.474618448769,19.39797749485852,25.527148925172586
4.2673732496884,8.344998762354592,1089.0660170816616,10.242169504697749,0.8099491688097529,610.8175668619965,40.38691271447889,61.11768675844725
2.584086058430385,7.914477268626797,144.22060275589885,29.1300279659896,1.6446542232436632,2388.1555930507307,22.240139405026085,36.672185216195956
26.5677315784074,6.805078085828523,1410.6971447411656,24.75016718918014,1.2296875580647415,2728.3014416498772,49.86193534124457,94.44841557861845
27.031756080505325,7.652576720333626,172.7597971120614,17.065028170041284,1.1228019067215496,2833.9196988196513,28.393904962383505,83.68662065356457
31.871495074910328,7.713430092765712,857.8148694214987,15.930711625753105,0.728279881774619,2882.400032996069,16.73694547916172,98.52104858622967
36.30456668613308,7.348261342604772,1092.684727231283,16.994064594916992,1.8771566949790695,1588.3059342283423,11.785454969332903,33.370375505537254
48.79260397312673,7.972888471249446,1319.35677324452,25.493070623623638,0.9146270742269451,2933.058328574936,18.17550618002193,97.27512695181794
25.815017415059767,8.368734029538029,1099.721704985399,23.227412221408287,0.35676698023238873,2284.0651110465947,19.25413041421799,48.81104828124021
16.1478236470623,8.351137025813554,1222.4193162977085,13.703911357349359,1.3107197290120423,526.9307368990376,4.366970208474088,41.276691578237916
39.759309738435185,7.401678742808264,575.2302695599285,13.482186706681688,0.4049091082578825,1456.8553140805116,19.109135771911884,14.531457427241792
13.541612563103712,6.72647609168151,1240.755159245117,11.967912994267946,0.8214016570430458,2169.076967347412,23.747687467222022,14.748873207364236
21.948571035281805,8.46968239792467,212.1607849385452,23.206054394026765,1.113341489692056,779.6539316662959,36.414149859701425,72.28101303519892
3.9228190671132976,8.177796172891869,1352.7433184847387,25.28745324443472,1.7736005444333165,1939.8147914692177,33.17974475135879,51.213609499062514
1.2675371707728755,6.749325362406534,866.6293266152308,15.30092856650008,1.0883838446122136,2016.4714131875267,35.729517106228556,30.386946343249512
48.132420733896254,8.341683765234745,1244.2168779474912,10.418899220618256,1.4640657788569957,529.9642442352693,1.4098204119659978,65.25732756927093
41.79900602561029,8.239792724124257,733.2455983256202,11.643433349528546,1.9870703101983267,1717.0016717356311,11.665702579446267,32.75723064251001
34.798710304684896,7.537676114252144,1001.0087732751349,29.35720069690061,0.43668041581636696,2326.2993873868927,33.42253013159297,61.98685789099803
20.447647220713495,7.682550871489859,836.9637253105585,15.908895549548404,0.6945167459351351,1521.7422103810286,24.715479040807608,42.32878722844213
8.664716003542289,7.298005407740261,1124.2253304574647,25.384462956762672,0.9102369360757636,85.70419448951691,1.2603603077489514,84.11970039506372
7.8218521335543025,6.609523277644063,214.2819748428254,22.493271377085275,0.9592907213698965,76.66348378391191,40.4202374791593,83.86265446901014
12.512144908229766,7.170394483291802,184.4929175867893,17.638792793057917,0.9398379354779824,1103.236564711536,38.86766909122653,52.96153583101612
27.461333235306025,8.105706897196022,445.944527614205,14.113745243911103,1.833699804601799,2782.272501873757,27.872538986684567,41.5737198401514
35.72979613500312,6.509264046009205,323.3625521584637,12.427728363188129,1.4852587600403415,724.5964998306458,4.256702963037334,42.63038169031851
33.009868835886564,7.166998343382288,1320.4969932290824,22.300259360777332,1.2942293853632667,1921.3728821714772,38.55923742709665,82.51430731013961
13.996694847297142,7.296337387181887,406.89958230126206,25.49267561275576,0.7568708921530078,705.1238185452956,29.601965798836833,39.53615345178508
47.743264033159704,7.5747912058758455,1466.2113581467838,22.878085070822614,1.6828226915983304,998.9264694956685,39.31603888074,28.81534363361614
36.89484583478843,8.339711232825522,571.6541084795496,20.606042664983164,1.9191089206729801,2551.724164324378,37.83560262739618,17.621950768777616
27.717702625570034,7.192691988731923,354.96508196417903,10.839024468632726,1.6781569085904078,2200.1412546963434,40.34710152593402,52.00238087959676
30.58603731171761,7.193906403792456,1205.5779099994709,29.369775551887678,0.20281718934465123,331.42786807397135,26.382395253826616,53.391888902785766
20.980003121389494,7.9750024962194965,1022.1908857012265,25.97428383309149,1.3455224663301326,1314.6709619099793,7.875901391482235,85.68178393626164
12.386549475057873,7.404435881779614,797.4740030343946,15.856440734019294,0.29204368659578134,136.05080275353018,33.88671619560475,29.91148268014576
17.798633932563078,6.949209645879964,877.5089713126837,29.599406587177015,0.6636929966006994,1468.6259324788766,31.40321546754656,44.28921463015599
37.892305523218454,7.404879032265387,1106.8824895811695,22.037631792726444,0.30714446062598905,2004.1803345181509,37.370406172755274,82.75651650043218
0.7196744314877934,6.781714040759599,419.8366378638182,21.64845316414493,1.286831815308898,399.5827396145471,9.32416929648603,84.12612496740762
5.803632025345812,6.852773973012447,1494.8674824794386,24.961463588590643,1.4358618442866922,902.2105697820388,10.553784795114172,44.61499683808914
2.3001321010876374,7.496735545478959,1464.7104270054963,26.23539576180275,0.4060777485186292,1223.6180452313629,44.630066343747096,51.32116209580128
2.0364401159485066,7.337850899009096,1010.4559608857116,23.129572146630053,0.8909099894809631,2762.6165227353467,37.74891212415147,37.29573017643546
42.77302920055036,8.3296918021362,379.3594313008032,12.561914927324,1.0212257161199756,2980.102295497744,45.50319594631582,93.92993905773808
35.18289296900118,7.224787798233266,1052.319539403808,16.765350119889966,0.8642954391696498,182.48833203706678,38.17705073703211,20.677938916742228
23.70869145436626,7.661176700556087,201.07777257084618,28.561672806520995,0.4178450008733475,2294.9733743114066,30.260609993524792,94.0374480701323
4.891708032550074,7.76452857583906,142.9135030881285,14.492312236877039,0.9541060223374558,1146.5859958869125,33.05250411436581,71.54798066518089
24.58079375584162,6.526188913176667,460.75604391569914,17.443340476750265,1.5521204860551525,1207.751649376966,44.567268273060485,57.841493741805806
23.673588539028284,7.827074744033421,747.6721394350428,18.64153765888392,0.32781379615985984,2275.0816713737167,29.361530971085084,12.93931547060463
8.660093495500758,6.856071933739503,1315.5815075717328,18.788099793889046,0.34432402534742623,2759.3579748289553,31.987174892090984,52.803657263980746
21.692582461898652,8.422140634938911,1118.0366976728312,22.25879164989051,0.8385883253047717,2855.239353782518,8.667359084176429,46.6973294502459
19.92523671986867,6.7973254555062255,1139.7891296799735,28.86151675489415,1.895106280914065,1752.5116288130464,24.222139785689034,24.50969307776103
30.792504902610823,7.329248247454047,695.6906682273055,14.8138542366501,1.4034307641012453,1103.5074199364833,36.10345848594685,69.07686431505911
31.75468254338219,6.670699336157288,584.3089895657481,12.43002752601836,1.4216059220106165,2373.2698032833987,14.276192217501904,97.40358166314572
2.265200488602226,8.493748503691895,619.4542681784437,13.949409797198747,0.851455983508157,790.4540806237858,10.910454845702212,60.59699299580726
18.73063073132356,7.504390020662485,1482.709389230481,27.73849800418539,1.2685894241753692,1714.0183850588774,16.377513602996363,74.32779487995512
31.29299578571182,7.690770034640088,156.15286797747547,22.91621625310412,0.2182361312499381,1107.8064614983757,12.833530771648839,16.160540730941513
25.156812929004385,6.634152954776855,1313.844094571428,15.718135784783202,1.344972883537176,1987.0616674382345,11.530719214783396,47.590029623529524
42.824492059416116,7.999920940798356,910.1455720013507,26.318938779372345,1.8439165056372262,759.1767930358453,21.81769130053626,20.47226366480463
32.93468158094725,6.919811186191172,714.0615868654266,27.22739992726872,1.3026322430206745,615.199189917736,45.48408718029317,65.15162519828593
8.146721354071484,8.296108578881427,1115.360724581191,26.930286773805562,1.7726574682394212,2758.8053056925396,25.845922690197195,94.46339423927391
3.528437370021492,6.910279280964014,781.336517994584,28.37853067279109,1.5031514998389688,350.32086470113387,10.208098659950828,69.55999592244746
32.12096391031578,6.881375441327333,1322.7925333143248,15.04482040346723,0.41700514952664247,1542.5758278180483,4.77161179966283,16.912274348297938
1.3255655270810907,6.57309933569619,1360.982609615762,25.100838574925568,1.824415953114515,701.5157097408763,35.111651111758334,41.919958448657454
29.288779063673164,7.444133890219998,690.4092976228376,19.2107899454828,0.3195989198403948,164.84339181071897,19.757139457383005,59.55970414967664
47.01151207124788,7.629682266525233,487.5589161290722,26.83997105780123,1.1611414505859747,156.25551395970786,41.2697163826826,46.2886980519927
28.77370889379395,6.631417278856705,929.2904600307071,24.569813543232264,0.4558468228282238,566.9042277121906,33.31602766339774,85.0279609427655
19.408496310326097,8.051055233390022,1377.3086838633674,25.528948929994492,0.22107189931562732,2606.9725457927007,40.01583107652706,83.32039042389903
32.16441092211766,7.4065776694960554,394.92706460793323,23.12323675362143,0.9596616682297503,883.3122947322287,14.325355931503989,65.06479180928993
22.912644524575832,7.54878053865516,972.1532169888759,13.548575389394138,0.7310732737774812,2853.854553197122,34.92558720059185,43.611215061943476
27.280839465796745,7.381525493876456,984.1843081295287,20.900538377938766,1.0748008888356855,1765.785764318121,13.93903724999222,32.98027363869197
47.07324043882626,7.301526121750652,1126.3582313813934,29.693394790490164,1.2389597961221914,1338.0118598178599,47.014355493064286,19.528688639181638
19.305131890038712,7.619280662616436,284.19475917816374,28.747761329942378,0.27873033015610527,1761.2620622748912,32.18233979513535,41.94079151378986
48.05952819119571,6.810480491861425,1102.154950554924,10.863474715940233,0.42140593122274217,1574.26023641749,16.901078208591763,47.18552654869476
45.26753209780318,6.863856260990542,1372.6455289318974,13.296296314588743,1.2055563136107657,2288.3899485841093,14.20608125232136,70.82406325936662
9.789556739464821,8.223571242027035,351.55635241833875,12.634575469091239,0.8177012357107849,883.3633946199142,10.355402668510532,69.23438418678161
3.4680650437582727,8.392230924267265,432.5606548934287,24.51959819970591,1.5125122775890063,1091.498655220892,35.037406985792664,16.309732567713127
5.038900068871333,7.246618632559506,1459.9531316582954,26.3557065971389,1.3741249674654914,2687.5781924730895,11.717065036898438,45.5733383888042
0.9110912825774864,7.041489346287108,353.36773379328565,14.270227326213439,1.7220878533818322,2842.046713793696,30.169860030446962,26.360098049562573
4.72214803779642,7.787999086478031,1296.1391307174108,20.11705385903658,1.4464870880046055,2683.0467710851,13.96711631934251,24.113143478512512
34.150338670817845,7.317468342196193,789.1889990272487,26.814060560224,0.9738759393022667,1287.371582174075,33.43647829489956,84.45719347635213
3.559432423011449,6.55077271132069,446.12350416444787,24.65603089532501,1.4113399203099783,2352.078233870301,40.932046698486424,13.772369504463178
15.948781514688065,6.812305194732381,1319.049861781516,20.844744109836967,0.6956861136597534,1455.1904132382415,39.123236914088004,47.72645883119092
42.24376554847273,7.9319444576947955,723.4273570037317,21.806953809175457,0.7513642978007828,1517.7425638310015,38.2817152156083,25.13832901898664
1.1635967867912933,7.817847883820303,820.7442955015663,20.1672109383256,1.620173287857428,653.8063217189876,10.198397878920352,89.13971941106266
40.72342412944679,6.554191985006967,602.926717159672,15.950969026376411,1.003555129522848,1793.8343946126236,5.330862402241417,60.13364619475316
14.092738738669997,6.943944323865899,930.1311920088984,21.300439857180322,1.6370846129330345,599.1008983723764,35.24849259588189,30.824257273916324
5.908241381082813,6.962149593176143,328.93342161903183,23.777706041001814,1.6803602726029012,1028.1158622482217,19.049013475923214,55.218455844973874
34.836858268207536,7.843785487197457,647.514151312465,27.466458317216155,1.7436122077903107,2572.339094778809,22.184965093764017,75.83377237328042
31.4471423389942,6.539421075508728,1457.1772512694024,22.72582707958496,1.8499434245141733,660.8736371720229,2.526305546876162,96.23062080274904
43.873600676352645,6.708217163969148,461.3868057815786,25.22243074086316,0.9757733969239333,259.9169412616268,13.71924601447741,29.840140382087704
36.75355219019429,8.099832170746378,1019.4313303578091,13.201432699091459,0.7739602729780499,253.5723982078081,2.650143789848737,89.75635949164106
40.17404651924243,6.857089324108667,555.2660899145728,19.231149488395797,1.247957743869405,2825.314335484168,44.080102857461135,94.08737027507412
14.101728628565324,7.805492215703749,1182.862375961241,10.186632396541865,0.8681103621877297,1545.415291987412,12.926437477707994,92.47784900788596
8.871977188986142,6.976365562093453,283.2231250056898,14.93357729043246,1.2819335002404193,1257.765611860204,28.309521309077393,67.18729211757189
37.53073758204292,6.69888278551869,1457.7494631099626,24.529234302260097,1.4700545527588842,2442.0918139733594,2.90998671239539,66.68385889912369
40.3417369633632,6.986344381998908,735.305357937095,29.83619902698727,1.4391290332858464,2515.6864873360223,33.67552217397724,46.28895698654405
49.52525710003366,7.944533863711318,430.4706486850495,11.983561991744319,0.8741951966362185,1029.9635476910335,16.8283399419506,77.71580940734091
20.630883845571326,8.211392936212572,202.8954462620177,18.029886317225767,0.5003483630577551,2096.173269547696,44.998040160925626,57.81646165158387
18.600904289639157,8.160439729133984,337.66106712255703,26.00141937398319,0.9749528092319737,2324.8123067630654,44.517791257767755,70.9694264105465
38.82064803709984,7.29436705923691,827.6835279784248,14.080712692577977,0.45666945934743575,1981.2195262545658,16.93924029972564,48.56121134639159
17.040177012650894,7.836170273141292,571.8044470038008,21.101698986045726,1.802174663330855,497.20547066029314,45.147083888832924,75.83468176388251
46.537866280178235,6.909968590831642,1260.4367122356532,24.661425920593494,0.8225794293281434,2633.855096375318,49.811726001440164,84.20243658440941
42.92063759215059,7.0862954605220265,703.2425331265283,22.31970900520358,0.47802754500198286,1640.3289305712258,41.445367542073456,23.17926309425345
21.44970136875092,8.29267163704224,448.1999816226819,13.760494692308322,0.24580596783035158,883.2936577915109,42.39869604000622,84.96367440168052
37.54355338957487,6.526003847021472,964.0029812456421,17.107691373714786,1.3624802953156716,1304.4231470411971,13.201428069345406,58.62668786112765
37.727143704234116,6.671017061708936,1089.4881036396241,25.675835689707945,1.3464241714185379,160.8347166767768,29.25841754403006,86.01993181812018
5.15619344179663,6.915772510292054,333.8586710613298,21.084530282640333,0.8130874998463251,427.2070636061318,4.295539784401025,48.81715357069132
45.127645333978336,6.553064407747639,334.6669028036447,10.104592270858255,0.3290813999257718,2308.3629140217895,5.650978904261816,44.11364368447315
25.262618622392857,6.862870870179595,151.33999770696016,25.219815200561875,0.9373320108114176,50.034322528330115,49.94573798963124,92.35546592655001
41.322873305387084,7.666083121939384,1130.9628210918968,10.706227098804781,0.7601914911141086,1278.869194022762,17.005323221869634,32.605234079356116
16.002480051530586,7.342849101184996,1029.326338670527,24.914675654624645,1.4188171515230168,1591.405034202486,37.66101169039347,85.97910927575288
44.77616142481003,8.28534342215395,764.4832260497394,14.049611203304748,1.2904026490148426,211.17153900286826,40.52658759831401,53.56185152584637
19.460083936708156,8.134887123476881,1281.838628556876,29.161469602387605,0.856268710755572,2920.580580768382,43.04314027935423,56.268589829613376
0.541882574014918,7.183634703395752,1227.9382141300744,17.35881502604169,0.5922065976589822,717.0697271865322,49.88378657270567,37.76214533405356
45.26909882096318,7.018846866862585,919.496110155453,16.538632326761583,1.9784647390800654,947.3862229270286,12.833327777586524,61.57379805571141
4.564333839306678,7.259384816334534,1315.5797927185622,12.977761006648894,1.017202918153007,946.6304111523307,2.977190516125286,39.26900766485902
15.965681879520744,7.680589885029615,388.17769405147556,16.112084309804295,1.4388936244044266,729.7291532461822,21.14838438173471,13.534247281748709
47.50309835254025,7.0361272816457525,256.687467156819,27.53301523656401,0.45299534164104943,54.347775154618674,7.373952821618401,34.479874480992045
47.53035734687781,7.748297815698268,477.64945612378546,29.926686752544946,1.074061459386916,2201.5671425595892,2.098868568940701,10.574113906593162
28.671894406164306,7.318823304382481,179.9215985250408,17.366190610136968,0.24956609576503788,2902.194224407892,18.660914529932818,98.05193083511709
31.591860608489963,7.604094361703961,843.6373392014448,18.97221261909085,1.10981921223881,711.6657756908829,39.40317430268659,96.91724888377728
22.42227609891599,7.372253058270633,1411.2479692129461,24.441418764054742,1.9352313328118642,2005.9892158200962,28.742853870028473,45.56397677250745
14.660538584903227,7.088931519083835,155.0809569359135,27.72391560930149,0.8915720833744405,2238.5941645282096,16.326121471307346,75.55337689056815
16.4332272684958,8.396906613924314,270.95387961403753,21.860886683735682,0.2701928226348409,2552.854868317048,33.062758269143266,41.12254885693825
33.62592280385192,8.027211588319522,733.0786395968094,17.830513963556587,0.25572042365481834,1296.756131190147,12.368890835131726,70.39838413773785
37.618726471884,6.780226351532905,1407.425024539067,18.252436816972477,0.8983761679043651,943.6461716392663,1.7046908575321662,82.48870387413812
39.578952186292426,8.236935951795825,542.6185469674507,23.912362929936137,0.4880448856337493,1009.6206453679418,38.45331593538494,95.20806202230166
39.48090713972769,7.474862396499027,810.1287321637494,10.064365272085574,0.24203377339073465,2152.232932640613,31.563411158336447,46.01910482647048
4.560305152434518,8.289104453788182,158.20200267054895,22.391786749196815,1.5611845051103184,2459.4994261916263,38.35282860054704,80.49681846604429
24.721015235129073,8.09971051189463,307.6804813469244,17.109860208827147,1.0253414159874032,585.7612048819778,2.9079628176956147,33.93356055689069
2.877938000832214,7.350427008938467,1481.2821721423857,25.883946625541686,0.7206405895507781,1144.2759740654074,42.018861763701956,99.12990734142835
27.476444116186777,6.544938616640235,1451.1661750104638,11.859812796462643,1.8201497294296654,2710.723580409993,31.356783801778864,12.319263888791603
22.07652506866885,7.037354718769892,106.91597330817346,21.76404533896781,0.4090501283609461,2429.7458830994806,28.606372184919366,64.31759258510088
44.38520913791499,7.583268429321734,1432.5364995925345,19.619457797722475,1.9206538921195746,2955.3322881493036,31.606088357612048,69.35553834861943
17.545750627603933,7.7669564396522945,994.7679129417005,22.846510518104548,0.7651400912792352,2275.0323660621384,43.357229096549844,71.9241001366716
5.853350821380293,7.015775370866405,1315.085612328031,11.297071889659367,1.7991266101556262,1209.9258430323707,29.759888821386447,20.83488209101801
7.149584102641793,6.778712148145648,736.6357978874028,21.599675748562625,1.2852971776630309,1792.3816102841813,29.46656861452079,94.46768051258174
38.07553158587361,8.169860473598598,821.8344400109503,21.229691759190473,1.6880732475346774,1999.9920500295948,49.54327869622252,26.306495114507452
30.910903165813053,8.468804361407104,784.3852123596882,21.213201888323418,1.9712236937788357,281.4446581355156,38.07977818635983,66.04780629158569
5.0561338061395125,7.551380364605372,1033.609960564546,22.069753331929096,0.7191297880737424,1656.266029356402,22.672396467105628,30.040847121077647
4.205340305749871,6.843358571696607,295.51175665883807,23.529358744527244,1.9300438737336674,2142.496443994198,35.66245300161346,37.649477531914386
35.048456572956,7.044614653038738,141.96302582174914,26.099779993615396,0.9010674108243566,543.597846803128,20.072293112897636,59.18126875553119
3.6381503182096764,6.536781353094933,531.1019182276673,15.396414402564286,0.8939214285264603,2352.8635664053936,12.21489766169145,47.547407670811886
41.09300296451781,8.328597613120998,1086.5530678313053,26.500988203601242,0.8126967876581104,1772.1297025166293,30.245741967500212,24.420304087885565
35.31211135782481,6.735502165780282,382.59483297212773,19.96511364526907,1.1745336932256534,2859.054267807904,46.480922807583624,25.384276217876348
4.067439032094988,7.653032951028507,1042.8054066548843,11.541165582686624,0.47746107772127677,175.1457797103305,46.52783648075767,47.63303093465197
4.241885704259596,7.048110441374412,1457.8768645501787,11.171018584879583,1.1966806736444202,832.7121057886276,17.753358627169025,78.15546804479507
49.33197892505877,7.608356005031586,231.46100210518574,16.684766373921214,1.1750686623380073,1824.583943934481,26.856195844863056,90.81681821630097
18.713539787806017,7.802840776703729,1041.642965515177,25.69793954222935,1.571423262688766,924.8517410074955,11.3701590299232,17.571489603344457
18.532107353344546,8.159483607414403,721.2503070263996,24.153618694818313,1.700569931487654,2157.5512840101646,49.78592436544529,45.3793516803461
40.63997836287513,6.912842543521206,1315.3991561285075,25.77229929344813,0.9927944305623633,2289.0655834396966,49.07477748552885,19.0221007350589
47.36242886919293,6.521991657316961,348.00970522634026,20.345381128832187,0.7441998488326889,352.42209399609965,32.82593755566492,11.49332325693381
49.30005319114355,6.7737712601376145,1069.6763331166303,18.80397995910981,0.6668028151707701,1565.8706694099649,40.416288924196195,69.5546814379561
37.66890926294708,8.30003728369621,1273.3614055073542,12.949050534125679,0.5503229060687695,1551.227138993615,36.0399079029013,64.2204497769929
18.81297927654579,8.24778015512503,1422.4599072636324,16.56385507218623,0.3037656479582448,1139.3782721358461,30.06475273293394,24.67172024333976
4.175035834933438,7.694826204340616,1056.5472396055043,18.680387323477504,0.816406361902484,2802.128344580533,3.614051852455987,31.04315497837577
38.85734579637184,7.701033720867307,796.0446696117982,11.772008593592345,0.6864458458354099,2491.1436436260024,23.283452785080392,12.133697828006653
27.920212486790252,7.830073349092511,964.9861362816994,14.412239054224225,1.9395512945595332,2106.7676766334284,34.064528806203114,85.14524851249634
21.211100462348814,6.8507425572469,1316.4669782702056,21.964505881274775,1.203875887250079,2157.263575418243,34.19904908030055,97.72215364436963
45.3177192547368,8.32882389184992,898.8536452943615,24.713262284783795,0.8250986702549137,1412.0626242487012,19.283008302696796,22.191358311522173
5.559874115307567,7.3375410497841465,142.5418835755716,29.966950227858995,1.2448416817886527,2766.933837234899,47.1429073462435,30.832769238876832
24.631255214542957,7.2662770564989945,1403.3281737097689,28.662266626871155,0.45055406242225193,2099.0565103971917,9.20049457960227,88.15685715522406
0.5676822383709534,7.537835410565675,1065.3374514441857,22.85130399070383,0.9992787485639654,2200.4941318846586,25.51761286456247,93.38174181605663
23.433032099706313,6.59393193355011,1047.1187400881452,18.42496106588144,1.3272217785579148,2591.9881661726686,34.853314850990316,47.76646445261293
2.8151637840918675,6.832566737512159,401.94521335680406,22.723547294164653,1.0800160972264126,858.5111885594634,35.15965448869865,14.55602250421667
5.940895813403596,7.976067232852741,1022.4396583257201,25.71303236160464,0.9232018411777836,2430.859166406774,32.783308881671964,13.545265032353747
5.876312338855244,6.6655973358502525,651.4101679158218,12.366723818467747,1.9889271000194566,625.9597787216516,14.489122459141148,61.65548794621094
32.460515105803175,7.706304218932776,1011.726167858089,18.198097793925765,1.7845665718680686,1068.7587591224192,8.654121865644477,45.36055980038611
37.30224396327117,6.990698219362642,249.230242431187,26.796045712712345,1.3221307246869922,1040.050840096036,32.161076014508836,12.578718481988906
29.168438254857982,7.278591228083953,1020.9834264442504,17.67665903866088,1.224879250128109,2936.6501317479647,30.36580369083245,62.49271530813011
48.10862742372709,7.0773874735414,1499.1792160789332,21.437445424543732,1.3171888636842513,2576.7848100563842,9.788444504172809,11.017228293012023
18.743528976185203,7.211345432929898,167.49685440477845,21.755387217243964,0.5623617940803799,2118.4510916912664,35.55181813295761,80.86347623343457
14.285604314093037,7.9380918103684905,1468.0438579098443,13.689525062672788,0.9112479378757736,2194.8174467654007,23.303427594949163,37.57895404330344
43.429956409473014,7.09424343124635,669.6711450120189,17.244708833045767,0.2710271592036188,1708.1147434875847,33.720268988554494,13.623220270830888
11.179791925972632,7.632809280593794,1319.0548304721628,16.690225774838645,1.0559828674762881,2843.9174679701314,42.03098690873738,62.9516998884838
48.161126972030566,7.452100804398199,1195.3396776815828,10.523934170641295,1.1774442511237937,1513.9633210029665,9.316693000269234,45.79159729897492
0.6077237344908171,7.827342330725296,893.8227653813349,10.483835277827104,0.6099495249857773,1172.527244116189,1.9380985318449973,97.64203720214346
48.493941335381955,8.373659478649516,1133.8288929518571,26.63394087351547,1.9352519248979247,530.9542439481934,39.17602673339355,58.977879625333195
2.1579955975288057,7.965144194420501,1329.921785821887,15.461416199456249,1.8370182996870357,2369.306674170121,30.875173832478183,34.771526293330744
44.557155684903556,6.929880757181514,665.7964503114462,20.36157532477631,1.4998578238206306,2216.6095996229947,35.28233891148396,73.84949781705774
26.385055454314994,6.56236627012257,557.8464261885342,15.974511471775461,1.1600959317776527,1183.847363646198,42.06959377444348,34.43428022884402
49.64823980596502,7.02452808859965,1034.6307397890187,28.81358490230681,1.765944487365833,124.32057117972661,40.337735806400524,91.38189622668087
3.689828236769943,7.69015586140051,1230.984318717762,15.185935177315475,0.4351742188822333,2525.0421167681316,48.08508719951241,43.72497734566388
27.69271422006604,6.6028516269685005,1167.199188687262,18.593136254778702,1.622917629694793,83.68305118951722,27.260818863753794,59.48817064985847
48.46512678095495,7.492732494402473,1216.9391084020883,27.454605009692038,0.42467746514032695,2125.9143499057004,24.936286000335365,14.551579344180597
26.15489220850744,7.693685697833779,709.8166407381062,26.838671335836175,1.6295791925889298,2912.2584736918684,20.692472794645774,48.35091141570077
31.469931906763126,7.168487781633922,1244.9679026450303,13.722028356925547,0.6963816228524425,1341.1009180372002,8.530861099366023,84.91271856948954
34.78743444923086,8.041824407491644,268.29267751885186,26.05286619591421,1.7787630458327401,743.1715447380607,29.057754411219097,82.50839248270077
22.727053238388663,6.713196506267543,862.2847371451894,19.163737734757852,1.899275768885716,2129.369479627976,14.57361369197296,30.188670296817364
31.377904004203174,6.6502755634716175,108.0621246973702,19.659377441707104,0.4678327449292082,2460.5280189459763,46.144068098435795,30.347116390950642
29.21571559615501,7.956377512407206,554.4201618603784,12.669599448318875,1.0328160891177083,1661.9694324296495,29.57634940957778,83.55747809919131
45.057900524549446,7.490982632412397,613.046148819957,11.612030275142493,1.965777280692833,2902.754062005631,30.049168844897398,93.7358578152393
2.2723190170728937,7.876804792855472,654.6417682529575,24.558786139475302,1.0701333847516639,202.42272889098524,18.39130838297349,18.58248291457032
14.048159479611517,7.3696546772074925,1073.654089365807,19.929223047105996,1.7543855405261812,1539.147014998358,3.5474782469076667,50.505277548360276
47.520574203827934,6.992804066478214,643.9813417784841,18.737014052303593,1.2597167398363758,2169.439144601523,2.5554445032764423,40.370885106780605
44.51318919454582,8.1382046353484,728.1710716715429,24.590164573047936,0.8755938342552834,2594.789389890078,21.743422063506678,88.36196099116954
22.782837639285646,8.098831757937958,432.56178322405844,25.310257979822197,0.7144103999465663,578.8040551279806,5.1437035267646545,17.51724232120169
31.006629890076837,7.889392941708854,622.5525082810761,13.17816335338707,0.5658015639549572,2410.01027120286,30.735500821466818,29.001334830223367
13.869059149056634,7.044290274459925,418.17747816841205,22.204502989552825,1.571236744479855,1680.4858733697085,44.16767727634321,77.72215038278449
9.406057986188065,7.680461333738174,202.47429327582108,12.70708164555371,0.8957729122814502,1219.8333618703914,44.26282600941739,14.616446408309402
23.18492024699911,7.221947793880053,944.828030733929,25.027501720580915,1.120295831961352,438.559334308326,33.29322509647939,54.32818426428604
17.66761140130264,6.683164146653269,1035.4979179770228,23.139103125342793,1.0861858640021276,2602.622488781292,11.35035974217362,49.7896331211748
29.182805592543602,8.334627150924486,967.2864844134604,29.13229242166916,1.2391022526196362,513.9559641301603,43.28684473658473,40.09610610898738
3.8867318482492417,6.773637261837923,748.8916613208013,11.379160327128425,1.758038862124194,963.8741846668428,44.4185783303472,45.51150837870314
48.71974038330833,8.400474707641605,631.7000922509218,11.141094423025086,1.965330818450173,905.6343192891887,10.636025662694976,57.694652823720965
49.31053722398014,7.392011545915912,1308.6671094005553,15.643741493864002,0.9336515754328705,2620.67140086302,37.133878202763185,24.523062254954482
